numeric_signal_0,numeric_signal_1,numeric_signal_2,numeric_signal_3,numeric_signal_4,numeric_signal_5,category_context_0,category_context_1,category_context_2,final_outcome_flag,post_decision_status,risk_review_code,target
0.2552733874135629,1.0458967154958694,0.6766297384982174,0.787334942234184,0.6413696899145255,1.0007244972797444,low,high,high,0,negative_final,A12,1
-0.43858720625729564,1.1663027472367895,-0.20618009963137995,1.386856802087665,-0.04121878948437127,-1.3892357295480728,high,mid,mid,0,negative_final,B07,0
0.6416874371546496,1.2246270872263318,-2.5795447706867205,1.5709031134684914,0.17558058383032157,-1.8369699890394489,low,high,high,0,negative_final,B07,0
0.723610587228875,0.6674607816393121,-1.1214628763181953,-0.7663410291638322,-0.5708304181671667,-1.0039852961486704,low,high,low,0,negative_final,B07,0
-0.4838111315410965,-0.3314562977246389,-1.407183331746093,0.6889205020346907,0.07603616139612861,-0.898866924391237,low,mid,low,0,negative_final,A12,0
1.226405143870384,1.1570963854639587,-0.38128466374154524,1.052926341341214,1.0866982829627487,1.4400500028031744,mid,high,high,0,negative_final,B07,1
0.6971028559082724,1.182453826605304,2.0354217350933617,3.0622859434606484,1.388866115297462,1.154803221636308,mid,low,low,0,negative_final,A12,1
-1.830768448394866,0.20065180395568705,1.1706126290395837,-2.4873951277492203,-2.2384273434016198,-2.5574641691403324,high,high,low,0,negative_final,B07,0
-1.8100324032725792,-0.6879338668371778,-0.9048200274707202,-0.6737445913879134,-0.532061487603241,-0.9253052458775026,low,low,high,0,negative_final,A12,0
-1.111413012134435,-0.05164415516508496,2.987649874865274,1.3892258187917306,-0.70004934072858,-1.8513403736097336,mid,high,low,0,negative_final,A12,1
-0.06104342546999568,-0.735858449322835,1.8830894414637924,1.4556287078484915,-0.4106495409769377,-1.6095469027364455,mid,high,mid,0,negative_final,C31,1
1.0329639471528058,-0.1949452084289584,0.554827517573507,0.1944270966782392,-0.03809408859071915,-0.07640251742182047,mid,high,low,0,negative_final,B07,1
-1.5184489439647402,1.2438529325863146,-1.4325842853983657,-0.39887572486995027,-0.4377542948719206,-1.125834820442144,low,mid,mid,0,negative_final,B07,0
-0.9941062330421927,-0.030938997155624107,-1.6330796289145746,1.5337082215496143,0.1238976407933258,-1.6105304765702728,high,high,high,0,negative_final,B07,0
-1.4480563720406896,-0.8427425900149415,0.040343937481808756,-0.459059747573743,0.4076277999408603,1.355943616312506,high,low,mid,0,positive_final,A12,1
1.028682610696392,-1.316748846822057,-2.982590244310494,-0.5608861946554746,0.6956400412778866,1.1103223991203586,high,low,low,0,negative_final,A12,0
0.5280683677462349,0.4886919527092181,0.7599324922913288,0.6665692752746288,0.9327384861902637,1.80452525125691,mid,high,low,0,negative_final,B07,1
-0.1613643730095305,-0.7095722929532247,0.6474722721420585,3.159684232813814,1.8792622366412042,1.737528887205275,mid,mid,high,0,negative_final,A12,1
-0.19952867332940877,-1.1631894610536389,-3.1603213442428633,0.03490034343890147,0.8342363154055967,0.8432521349705617,high,high,low,0,negative_final,A12,0
0.5119240910292749,-0.1683082339620694,2.0154012440779883,1.2638320481204341,0.35650575943676005,0.36651336754608843,mid,mid,high,0,negative_final,A12,1
0.33951448381884,-0.6457713506365684,0.48719903983747326,-2.1253890943643574,-1.665645937948809,-1.7869677647828741,low,low,high,0,negative_final,B07,0
-0.8432606042937426,-0.13524289563203143,2.744581143523483,1.2153447120218344,-0.45391429225111785,-1.212197291037171,mid,low,high,0,positive_final,B07,1
1.213731437725842,-0.14004285194223806,1.3972250154003256,1.0690446371553934,-0.11015045520350676,-0.7374927244458926,low,high,low,0,positive_final,A12,1
-0.4632689556608324,-0.219443811644863,1.7826356435700403,3.031831407615243,1.5337098779636642,1.4311493325756979,high,mid,high,0,negative_final,B07,1
0.3547784821701996,-1.0978623583492235,0.30174876309334064,0.8724169947722835,-0.24750252734509254,-1.240684408197331,mid,mid,mid,0,negative_final,A12,1
-0.13525432539369245,1.0035665601832853,1.2019764556224692,1.718854596670242,0.896239175223471,0.9359112493198445,mid,high,high,0,negative_final,C31,1
1.1946741443280215,-1.1213806380747848,2.0349780379610416,-3.4714001296772503,-2.3833811090972508,-1.7351072792548745,low,mid,mid,0,negative_final,A12,0
-1.4126684181710272,1.2133164091856419,0.272028606761923,0.14676725809636748,0.5674321135950511,1.263820372392006,mid,high,high,1,negative_final,A12,1
0.5568208407749982,-0.21037015856104574,-1.244717648954049,0.895485110314194,0.1921002387033921,-0.761243089276207,low,mid,high,0,negative_final,B07,0
-1.8852000520211172,-0.29626744350888173,0.3633623733369602,-0.8340983311040567,-1.5761151841855754,-2.7640787545894883,low,low,low,0,negative_final,A12,0
1.1474093301916062,-0.3042238811718139,3.0857306609134563,2.0271220423265675,-0.7376407676916803,-2.4694890437922385,mid,high,high,0,negative_final,A12,1
-0.17921047462538878,0.08251269932318937,0.45243470727090007,2.6973436786591565,1.883948376908845,2.0928190000469944,mid,high,low,0,negative_final,B07,1
-0.4020667445166706,0.5242646776431689,-0.4608912119360613,-0.3876454298453167,-1.0723855854753885,-2.2734055340039383,low,high,low,0,negative_final,A12,0
0.4800595800866833,-1.3654620221921803,0.5248604049032112,0.8755672928246142,-0.3561813200731466,-1.419574690836373,mid,high,mid,0,negative_final,A12,1
-0.8862203436094058,0.2686614266837726,-1.1783788346713273,-1.343178418872701,-0.7000525618260937,-0.8095590917641378,high,mid,mid,0,positive_final,A12,0
-2.8882712051927246,0.293269314133503,0.8853622131517433,0.4516719440325382,0.22071309954844145,0.3998565278224804,low,mid,mid,0,negative_final,B07,0
-1.253348193121886,0.34864434433422065,0.6376950952067053,0.8825435355023815,-0.24902096364117973,-1.1422773989482948,mid,low,high,0,negative_final,B07,1
0.2529368142650801,-0.06344606394414584,-1.582483205895448,-1.2062263088422047,-0.43411200141319484,-0.4529336754250842,high,low,high,0,negative_final,B07,0
0.5289579363925203,-2.038961277005416,1.0552582051342736,2.3641802567917454,1.348298750950005,1.3555450370103623,mid,low,high,0,negative_final,B07,1
0.2726977935299349,0.6503817887212686,-2.064929575729982,-0.028692184753132954,0.08535927560713323,-0.4598470346223087,low,low,low,0,negative_final,A12,0
-0.2504680389919105,-0.01962348581047458,0.46083485493976295,0.561959481122819,-0.06711077501121003,-0.4991254707245457,low,mid,mid,0,negative_final,B07,1
1.5213984978319222,-0.49093744987136534,-2.2652861384619944,-0.9357563622254813,-0.2054949467442006,-0.392111275753664,high,low,high,0,negative_final,A12,0
0.4801461362223696,2.7308672332235675,-0.2760062012904314,-1.8937788482160598,-1.0683732588479276,-0.871205949086526,low,mid,high,0,negative_final,A12,0
-1.8959648413072892,0.1702983621623942,2.156573692348708,1.3962857374983537,-0.5526499802277445,-1.7931159396561456,mid,mid,mid,0,negative_final,A12,1
-0.8480986993392317,-1.6010192977017523,-1.899570914859245,2.015319336721979,0.05168085142801085,-2.290325880828379,low,high,mid,0,negative_final,C31,0
1.309472896350713,-0.5681423298343345,0.9497770529178702,1.5759657776934248,-0.10177726166559639,-1.3142003582240134,high,high,mid,0,negative_final,B07,1
-0.44838021905388226,2.0100092893000014,0.6584242524510787,1.036611110858864,-0.17860368010713143,-1.1098835369403923,mid,high,high,0,negative_final,B07,1
1.840217134841991,-0.7454734920621153,1.5223767557783807,1.1912335102170972,0.41329058944473857,0.3985157647113673,mid,mid,mid,0,negative_final,B07,1
-0.5636490274263427,-0.41093115629918414,-0.6675750192632527,0.5898669062567607,0.17813812609088872,-0.3326081838131302,low,high,low,0,negative_final,B07,0
1.4550212227631638,0.003084126825026962,0.9651224544664583,-0.762201817211579,0.13208629847570158,1.2960358140447596,mid,high,mid,0,negative_final,A12,1
1.4740560524880801,-0.35201307485347394,-0.4362601379079385,-1.4286226629663252,-0.9469737017812115,-1.0564991287186514,high,low,low,0,positive_final,B07,0
0.29186176200001496,0.8994649711482459,1.7496403495063741,2.502140020076771,0.8199696430570136,0.2486582371966488,low,mid,high,1,negative_final,B07,1
-0.10302320139721578,1.2251323481678744,-0.3700849576208447,-2.3794570968669118,-1.186984284832255,-0.7452779601412319,low,low,low,0,negative_final,A12,0
-0.10954929146920354,-0.6040122749251271,0.9707200642292125,1.401083027381554,-0.19962962128126918,-1.3774762842721553,mid,high,mid,0,negative_final,A12,1
-0.029890473902299677,-0.17431370503474794,-0.6025048368389978,1.5152745625811934,0.01241061679872549,-1.5103481183440661,low,mid,low,0,negative_final,B07,0
-0.9654979858290557,0.0301615725351249,-2.257201571683896,-1.8922248601165719,-0.7532443078120968,-0.8022032114821669,low,low,low,0,negative_final,A12,0
1.8078761587991903,0.3507851757548093,-3.7029146501887564,2.08979766611022,1.2547284350917254,-0.1868544009410681,mid,high,mid,0,negative_final,B07,0
-0.840281430657129,-0.9228301897268331,2.1313613598659056,1.4878468963236886,-0.5036535133186644,-1.7698238748540358,mid,mid,high,0,negative_final,B07,1
0.302449714360124,-0.6279284867539493,0.8667024032686754,0.4207639012138893,0.28090686644583157,0.5593477184314108,low,mid,high,0,negative_final,A12,0
-0.19211105272144002,1.3904997812407467,1.5946929466909907,1.0284020165913206,-0.22590476740902285,-0.9023738895012337,mid,low,mid,0,negative_final,A12,1
-0.8943499126754028,-0.6839595017990969,0.8242882666624749,1.706516728419294,1.0046328177788282,1.0712661122936256,mid,mid,low,0,negative_final,A12,1
0.8885988803308748,0.7344490334876547,0.1786955111940397,0.5576156946956621,-0.024193325538431346,-0.4897645623215203,high,high,mid,0,negative_final,A12,1
0.30268534899598587,-0.5341483496880968,0.058790242589980446,0.7060474522074447,0.277025030303151,0.03154730395420868,low,mid,high,0,negative_final,A12,0
0.8375627033583725,-0.8136453560596746,1.1558154281604307,1.3866173950314162,-0.10460066367903012,-1.0852485234288356,mid,high,mid,0,negative_final,B07,1
0.28488989257219893,0.20709386223295154,-0.38173429939249837,0.02171540859872456,0.32667656274454443,0.6054785609866162,mid,low,low,0,negative_final,A12,0
2.1052024012080106,-1.113054427063712,-0.2135123894256663,-2.3362059906819286,-1.509072246343773,-1.4719632089705685,low,mid,mid,0,negative_final,A12,0
-0.01347182166515796,0.3905228975650011,1.438499899861851,2.504453423349565,1.4118771324994939,1.5040413399413168,mid,low,high,0,negative_final,A12,1
-1.9361153136786216,0.12584696961935726,-1.3975529732068324,-1.0602883317427292,-0.485437927311756,-0.6389128078533163,low,high,low,0,negative_final,B07,0
1.1487334829294389,1.4323420312175017,-0.611117758649471,-1.9238892637012182,-1.6057086602385913,-2.1898523341628824,low,high,high,1,negative_final,B07,0
-0.3036615238739961,-1.955276426310101,-1.962110493111847,1.193413120376142,0.41465337267463304,-0.7500510400836684,low,low,high,0,negative_final,A12,0
-0.4541895583115157,-0.8203438245306957,-1.1121648828938713,0.4573166271278811,0.3374167435751812,0.003907454039792313,mid,high,low,0,negative_final,B07,1
-1.5991364864470128,-0.4067230830465839,-0.8160021423512348,1.1911566173597143,0.04285377539123123,-1.2242036337562698,low,low,high,0,negative_final,B07,0
-0.7042877081911889,-0.23888074786659733,2.066237601445643,0.37430227096139124,-0.03150995436163076,0.2783686202804465,low,high,mid,0,negative_final,A12,0
0.19152096386596482,0.24123813765534804,0.4001872763081715,-2.5642007479302356,-1.8260954685789577,-1.796292390280944,low,high,mid,0,negative_final,A12,0
1.5834650253840938,-0.3067803928713705,-1.669304008432563,0.9616722452984097,0.24235118858914348,-0.844409323239244,high,high,low,0,negative_final,A12,0
0.5458171745620152,-0.8398808965107355,0.42858059509293334,-1.9059493828930818,-1.350396236439881,-1.2759887573019473,low,high,high,0,negative_final,A12,0
0.35348290594866677,0.12150501140171552,1.9445820457257406,1.9674299234611246,-0.2382501668752542,-1.6457337470072737,mid,mid,mid,0,negative_final,B07,1
-1.1890112823800345,-0.2552519421022534,-4.301163433318376,0.31850227075576276,0.9735376895194809,0.5360914550499276,low,high,high,0,negative_final,A12,0
-1.333157310653655,2.4147909986586313,1.6774372881491593,1.7240846854578202,-0.3851084725068578,-1.856130338614991,mid,low,high,0,negative_final,A12,1
-0.2604985619387227,1.7268338422187606,0.3701601090314002,0.7086775798273448,0.01425844471971964,-0.47182619248781077,high,high,high,0,negative_final,A12,0
-1.2191146113192166,0.11772121738091015,-0.9127074251717575,-1.4319818148668109,-1.006367653790349,-1.3472174283435117,low,high,low,0,negative_final,B07,0
-0.6247895469340525,0.827850095962418,2.09818231362934,1.1152531586551602,-0.35013560771797947,-1.0985063686893726,mid,low,low,0,negative_final,B07,1
-0.8881478957273766,-0.3068811486873728,-1.7350194505598768,0.3110964214149672,-0.16797239361894598,-1.2335947415966253,low,low,mid,0,negative_final,A12,0
-0.09343407091699951,0.22898242506107808,1.262046096127829,1.585312254093799,0.5451490417386249,0.26709156480513496,mid,high,low,0,negative_final,A12,1
0.6949979007768748,1.9465428375147655,-0.5287237156131628,0.3051335429108114,0.00801322791315083,-0.42589902878744523,mid,mid,mid,1,positive_final,A12,1
0.0886466973980125,1.7221286056849698,0.6977175075899011,0.960948826795905,-0.08426033226529556,-0.8132210077046612,low,mid,low,0,negative_final,A12,0
-0.622378194990803,0.4780899966274559,0.11947594568800513,1.0579993731338284,0.04114060099373229,-0.8017022028577225,mid,mid,high,0,negative_final,A12,1
-1.3405531800038282,0.9130002202742996,0.05316197489191554,0.9254807206916718,0.0382108880248523,-0.713120620813682,mid,mid,low,0,negative_final,A12,1
-0.7090337116647051,-0.510436052426967,-1.0537654122374627,-0.1372337327403519,0.03799232387589368,-0.13904494371449427,mid,low,low,0,negative_final,B07,1
0.1898478362124643,0.576758066193072,1.5318133634748492,1.1731196485619855,-0.12019868390306361,-0.8082122639093643,mid,mid,low,0,negative_final,A12,1
0.5150426732761878,0.715658244757891,0.2686645600160281,1.0077023229788609,0.9757848154524871,1.4396483756577805,mid,low,low,0,negative_final,A12,1
1.2879824738019383,-0.4228119610855433,-0.12370125278299193,0.5273479575814147,-0.024774869599295347,-0.564114449328549,mid,high,mid,0,negative_final,A12,1
-0.08264778503818894,-0.8290169196583627,-0.09066926531821995,0.7961839156062782,0.04162358475573317,-0.6383928797791516,high,mid,mid,0,negative_final,B07,1
-1.5245212866191742,0.24092499728946865,0.9407730872420832,1.3457187841668525,0.7685701503619587,0.8863510199161504,mid,low,high,0,negative_final,C31,1
-1.1930599549102363,-0.04008851265655339,-1.5545222851843068,1.3935296654485172,0.17195864466080474,-1.350204406001692,high,high,low,0,negative_final,A12,0
-0.5652847763990818,-0.4107086591024168,-0.6937749679276956,-0.5481808087642607,-0.7396400796108645,-1.4436892016741694,low,mid,mid,0,negative_final,A12,0
0.06111560936738784,0.4939518719937205,1.8708296002469325,1.7680650761059509,0.6435676864358413,0.5324985301980139,low,low,low,0,negative_final,B07,1
0.28329941844015705,-0.7932818938336734,-0.7615668563298246,1.2447849763029475,0.14345917058084717,-1.0224959693271674,high,low,mid,0,negative_final,B07,0
0.8433726221570585,0.5594490759950371,0.6357006776342506,0.7790097874389363,0.6348570070388891,0.9796167298965904,mid,mid,high,0,negative_final,A12,1
-1.6063770056091804,0.7792340343136079,-0.7771889967122845,-1.3535933598647416,-1.190233140518587,-1.7943141175519082,low,low,low,0,negative_final,B07,0
0.9519603635098018,1.1011557622472865,0.36288511985440064,0.1960974898969131,0.15993693027310737,0.31382450106130844,high,high,mid,0,negative_final,B07,1
-0.9906923886377034,0.6294135848867876,-0.7058809027558764,0.6018013333479352,0.1210243071406254,-0.4870394656627415,low,mid,high,0,negative_final,A12,0
2.3004100854469702,1.075433063105038,1.8915807018304243,1.337501038226502,-0.35871494962169764,-1.3829406901242134,mid,high,mid,0,negative_final,C31,1
1.7698624206769662,-1.034372827923598,-0.2703348071854357,1.0865070284590816,0.12350695869113648,-0.7662757673478597,mid,low,mid,0,negative_final,A12,1
-0.3617630688368137,0.2801213889694491,1.481722799412172,1.345366831242278,0.40212366268420674,0.22313135267178397,high,mid,mid,0,negative_final,A12,1
0.7343046755614968,-0.6493313119203942,-0.913323315152634,-1.4300723338323833,-1.1796074999739066,-1.7471829203953875,low,high,high,0,negative_final,A12,0
-0.7817125206119687,0.8795925879863657,-0.012122785480595422,0.76111379712504,0.00825829732358061,-0.6581275382554893,low,low,mid,0,negative_final,A12,0
1.9606912721610468,1.1273582431747582,1.2189877777507807,0.7601114152601786,0.271813095510222,0.35458739217664614,mid,low,high,0,negative_final,B07,1
-0.3848418819471256,0.46397228292345905,-0.2000383665695582,0.6941936736319786,0.002730095802054932,-0.6736546316658991,low,low,low,0,negative_final,A12,0
1.1682177218168646,-0.8629053387504985,-1.851932707804668,0.6273499072129061,0.05649786321326112,-1.0360646440529042,low,high,high,0,negative_final,A12,0
1.166548590977006,-0.572997804990946,-1.5922498958927247,0.1593646462536098,0.2599743677649504,-0.06895517016961028,mid,mid,low,0,negative_final,A12,1
1.1619338134560961,-0.7683649473140721,-1.2849170835109738,0.047005843797847224,0.17707909047940018,-0.058656943358997515,mid,mid,low,0,negative_final,B07,1
-0.6404934347691842,0.1683951924752465,0.0015975379705865933,0.696914520907365,0.06487703496200309,-0.46672504460619035,low,high,high,0,negative_final,B07,0
-0.8024927332116473,1.298811324847052,-1.8964308329326673,1.851525576312831,-0.04933324882568968,-2.376548044528108,low,high,low,0,negative_final,B07,0
0.6071311007836184,1.3111588863181052,-2.6508737182252444,3.0190571630198866,-0.16337927602450159,-3.9200730313756154,low,mid,mid,0,negative_final,A12,0
0.5077576703115002,0.053988418445792954,-1.7611258859293417,1.4378408805514074,0.016040673609716415,-1.8158354891391102,low,low,mid,0,negative_final,B07,0
-1.640266639225316,-1.6325584029920932,2.2074131800601986,2.1849787595455545,0.522356085411344,-0.0036661413216318994,mid,high,mid,0,negative_final,C31,1
-0.7337879737853639,0.03606339146962743,-1.0336252384610671,-0.9062307173279833,-0.7773362588691423,-1.32580069125043,low,mid,mid,0,negative_final,B07,0
-0.9644042546116923,-0.43015663559183687,1.7555518494165145,2.553952000028466,1.068039365793001,0.7748070741445411,mid,mid,high,0,positive_final,A12,1
0.2709745388461927,0.3041929195534216,-0.8033291886666747,-1.4783783626864029,-0.7405894029841191,-0.6593845475813347,low,mid,low,0,negative_final,B07,0
0.14486766465755532,-0.6147728651569183,-0.6959082479482372,-1.0295204215063203,-1.1914679645326938,-2.056930655823276,mid,low,low,0,negative_final,B07,0
-2.8712826629574613,-0.16090490804919289,1.2512890990557368,1.2753423133757016,-0.1895598197038941,-1.1505579404744017,mid,low,high,0,negative_final,A12,1
0.32865216037320905,0.9002286589152358,1.4351019468179538,1.2498633451161862,-0.49784240564377136,-1.775749953434317,mid,mid,low,0,negative_final,A12,1
-1.0634020065709509,-0.8734096340878084,-0.6158711602941196,0.6914646923147871,1.287548752653378,2.1438261752578214,mid,high,mid,0,negative_final,A12,1
-1.172603256861316,-1.2334681012801056,-1.624438502238191,1.5549511481819263,-0.04200362356719314,-2.0076765719817518,high,high,mid,1,negative_final,A12,0
-0.34961218677780365,0.26166297269647903,1.3034902381245153,1.156872154831004,-0.21971060506775544,-1.0978431962445467,mid,low,low,0,negative_final,A12,1
-0.9763752712833716,-0.8924558393569035,1.8965125163752399,1.4920564581265015,-0.22512592298179931,-1.211033735021253,low,high,mid,0,negative_final,A12,1
-1.6970973849862518,-0.6455694286484754,0.011186085701848869,0.059282952534922106,0.6303336578491118,1.3996550471887355,mid,mid,low,0,negative_final,B07,1
-1.8037814217781782,-0.354987284113288,0.5355889364316657,0.1933792394391436,0.38205699399209225,0.8836066478355084,mid,mid,low,0,negative_final,A12,1
0.23696141571204274,-0.4548203158884532,-0.7755991967906936,0.718736932334887,0.26464989393270066,-0.28343279588954495,low,low,mid,0,negative_final,B07,0
1.891387849550339,-0.4620960186513983,0.9032937237755401,1.1651261720401451,0.9790350429453657,1.5173040096330384,mid,high,low,0,negative_final,B07,1
-0.36047340420459595,0.5114155009299537,-0.2784198920322307,0.014306181911184379,0.1794077173725841,0.307724559745995,mid,high,high,0,negative_final,B07,1
2.2908839240787624,0.10704238207871382,-1.6979985187728655,-0.8623194971491198,-0.04807829282171009,0.09184538852413926,low,mid,low,0,negative_final,B07,0
-0.43522223280062844,0.7505868538357765,-2.9460511733118926,-0.6256169801784929,0.508454444086192,0.7495064883863762,mid,high,high,0,negative_final,A12,0
0.05053581559400609,0.17049723504043077,0.03949345056863862,1.389691457602594,-0.12548730487564738,-1.5043117842610818,low,high,low,0,positive_final,B07,0
-0.4395887110317737,-2.207750916382569,-0.9376425488823756,-0.37124912109115593,-0.6812140773104062,-1.5463779311518187,low,high,low,1,negative_final,B07,0
-0.5947762545556623,-1.2812976734768549,-1.6127616270890355,1.520209895046455,-0.0185072247850996,-1.9191091342118627,low,mid,high,0,negative_final,A12,0
0.4146985287308868,1.4919196463452724,1.1161249660671746,0.732759044187395,0.46860422544608654,0.797025577177561,low,low,high,0,negative_final,A12,1
0.5684410062561545,0.5995941132814938,-0.995747200872599,0.9258885944726251,0.07025907382891576,-0.9859473169287877,low,high,high,0,negative_final,B07,0
-0.1246177961901297,-1.1725916088527426,1.5831704794958155,1.2402605875802342,0.901928771366424,1.4980193415599117,mid,low,low,0,negative_final,A12,1
1.4790789734057603,0.6111436546495426,-1.149114616132297,-0.2431754956871779,-0.06439758394932338,-0.31208917617200227,low,mid,high,0,negative_final,A12,0
0.8846067898626929,-0.9191801387207167,2.765146734692705,1.9978796421253462,-0.5784594720378122,-2.183641010207439,low,high,high,0,negative_final,B07,1
0.015686713795602138,-0.7287316813744033,0.43484268734343257,0.7618212335818744,0.06753941583521277,-0.3750514883513818,low,mid,high,0,negative_final,B07,0
-0.5146415492181471,-1.1102233865095998,1.681706872438711,1.1016278881104067,-0.33944785410983247,-1.199321859862722,mid,low,low,0,negative_final,A12,1
-0.2955412401465491,0.1523155135766242,1.3197346382941206,1.7904923513388367,-0.4239854915737087,-2.122221918188832,high,low,mid,0,negative_final,B07,1
0.14082842652774988,1.1005976067613101,-0.9409393313851468,0.6949624621030941,-0.029969884730772344,-0.9939470176006151,high,high,high,0,negative_final,A12,0
0.9001769869124664,0.7781091861260174,0.20556971891549947,0.0008181013935714132,0.1992552284270426,0.5249602015084989,low,high,mid,0,negative_final,B07,1
-1.070594338235602,-0.8897461017865688,-1.6794159978561738,0.5402781782391257,0.2708579814450033,-0.40957579513264153,low,mid,low,0,negative_final,B07,0
1.0383887557346116,0.5054240932166992,0.8649080307031625,1.2535150041555412,-0.1288718205890526,-1.119298182710926,mid,high,mid,0,negative_final,A12,1
2.15574316320679,-1.13145302065243,-0.30761958214042173,0.5254997716933025,-0.026110247712313114,-0.6262356669177229,low,high,high,1,negative_final,A12,0
0.10678719347417348,-0.13476857911511902,1.008821280801132,0.5294167658574166,0.19487023196254832,0.31245701140442317,mid,low,low,0,negative_final,B07,1
-0.6284848638960467,0.6024772094394821,0.5059397312408214,0.3756416222757284,0.0007346955192943582,-0.1635725103755321,mid,high,mid,0,negative_final,A12,1
0.2651555272988874,0.6419305349615512,-0.5393382628602243,-1.5637153211623782,-1.1126698306304994,-1.351779744671623,low,mid,low,0,negative_final,A12,0
-1.0365759163562973,1.313068515588715,0.27862071155337875,-0.13235187316302377,0.21115161090734486,0.6941714887010926,low,high,high,0,negative_final,A12,0
-0.8943326230884198,-0.6694101948325517,-0.5315479409537545,0.5651170500725577,-0.7592269507334659,-2.419729682351492,low,low,high,0,positive_final,B07,0
0.47097850370678035,0.8456015144669514,1.6887898977719003,0.6096301895554395,0.15260794556054372,0.3687760768044269,mid,mid,mid,0,negative_final,A12,1
0.6593805861869515,-0.38647671725197413,-3.450231587563662,-0.8230209876911692,0.19610757824514694,0.04000419693573232,low,mid,low,0,negative_final,B07,0
0.8126894256439955,0.5779105137915099,1.0868846936092185,0.9306438023698311,-0.12373289235030575,-0.7487081392205542,mid,low,mid,0,negative_final,B07,1
-0.5274693236138563,0.3616765854236551,-1.311321155570094,0.33789237344666545,0.26080956201166317,-0.1322223633188343,low,low,low,0,negative_final,A12,0
-1.2663405056257042,-0.05798394743223416,1.4171190526243174,1.0382740716796002,-0.24378290049538387,-1.0107788666011908,mid,mid,mid,0,negative_final,B07,1
0.12644902282346232,-0.687937387463827,1.4481060053779502,1.5167546899449338,-0.40834391610555804,-1.8018375468533714,high,low,high,0,negative_final,B07,1
-1.8356576328620369,1.1712457893215436,1.2156496767783305,2.697286482966086,1.5727194482496398,1.629559054337164,mid,mid,mid,0,negative_final,A12,1
1.9570636405416413,-0.24141441042020614,3.3268635499459154,2.452264695758882,0.3256811167167916,-0.32258482771502295,mid,low,high,0,negative_final,B07,1
-0.6627137718629301,-2.0296738677395822,-0.21059413113757974,-1.0997175275310362,-1.1877787627317464,-1.82623526180036,low,low,low,1,negative_final,A12,0
0.18330021210499314,-1.1802929395898938,-0.19866011136205364,-0.45734702344219613,0.1003186891703257,0.5694248409515499,mid,mid,low,0,negative_final,A12,1
0.7024065691510653,0.09674989495911643,1.3857244605113246,1.4645814952121647,-0.20747735729874245,-1.3147265283347984,mid,high,mid,0,negative_final,A12,1
0.7198372908713905,1.4465039359465777,0.19665166559057834,0.533101576461081,-0.038957956728297,-0.4960865676255358,low,mid,mid,0,negative_final,B07,1
-0.25658793018217363,-2.402753934899687,-2.770776374881828,-0.5003758681935631,0.16438733772037947,-0.0940208896846576,low,mid,low,0,negative_final,B07,0
-1.100779282836685,-0.7112986247605377,-0.8631497323983108,1.263965675034452,0.05950492064860257,-1.2658894355615762,low,low,high,0,negative_final,A12,0
-1.0439728399982582,-0.20896048733203057,-1.7343936138899385,0.2873465825503606,0.29714736081390697,-0.14362426603311074,low,mid,mid,0,negative_final,B07,0
1.6810923149304875,-0.7509055497801141,0.8543502701888894,0.4652855272357409,-0.20530442172713434,-0.6013264346166295,low,high,mid,0,negative_final,B07,1
0.37735070276322974,-0.1804897889316338,0.7009582815475701,-1.1888820973337069,-1.4136435364314763,-1.9655937054155543,low,mid,low,0,negative_final,C31,0
-1.2525890123654957,-0.5024624869106167,-3.7087789220397065,1.8073750127322363,0.03546966151154889,-2.7406587271180314,low,mid,low,0,negative_final,B07,0
-1.652918697838884,1.2031126464308044,1.6064610686057392,0.26820124308984605,0.14600847184995103,0.6283940638988654,mid,mid,high,0,negative_final,A12,1
-0.9734467413994762,-0.005397376361534414,1.8860203414896164,1.2336862850876453,-0.4433499616559364,-1.4874409841287541,mid,high,low,0,negative_final,B07,1
-1.2120898919382652,0.834232665740161,-0.5899307555663107,-0.5656036637220678,-0.6317020042800173,-1.145993685095935,low,low,mid,1,negative_final,A12,0
1.6309291812629403,0.9564403483476219,1.3726667427059578,1.4215277421814845,-0.32346305222645316,-1.5474738543194682,high,high,mid,0,negative_final,A12,1
-0.5865640795627187,-0.19753522569696805,-1.6101970414464675,2.512295019881524,-0.23927400901684345,-3.302911473256158,low,high,mid,0,negative_final,A12,0
0.9478258028372162,0.6820344500439264,-1.2440502853634658,0.2926949013196556,0.3617259289237955,0.1618334383727078,mid,mid,high,0,negative_final,B07,1
0.8313492670632543,-0.18147832957919605,-0.481187681077184,0.5215408388756213,-0.8251421836857404,-2.516036241332603,mid,mid,mid,0,negative_final,B07,0
-0.9107038230647322,0.09186474564849363,0.8761478205592643,-2.5826824191004825,-2.058964394718191,-2.15798622846936,low,low,high,0,negative_final,A12,0
1.1658060192083854,-0.20445497968522458,0.4572052180274394,0.8400686179785511,0.8332591394676899,1.322612426113599,low,low,low,0,negative_final,A12,1
0.07299675597335759,0.7800781797165829,-0.1323561312807333,0.733512976782888,-0.011177272169784803,-0.7180509000346651,mid,mid,high,0,negative_final,A12,0
1.4556186900811166,1.7992715750189994,-1.685271184057532,1.42695889473756,0.02787471812686589,-1.7539896954070326,low,high,high,0,negative_final,B07,0
0.7720215620034229,1.5313237445794692,-2.083757408674548,-0.6611463314144977,-0.6320607928129672,-1.555238971538452,low,mid,high,0,negative_final,A12,0
-0.8053718270503438,0.596442339560671,-0.6007576216684376,-1.3489848140234315,-0.7691703593076946,-0.7726474668146754,mid,low,low,0,negative_final,B07,0
-1.4461280325601622,0.09499375135630458,0.04203176658196639,0.6473413312745624,-0.01365445354268681,-0.5899932094465797,low,mid,high,0,negative_final,A12,1
-0.8546729449714168,0.33503712526246754,0.6120969069928219,2.1430150439796294,1.2821745730719833,1.2529655901685375,mid,low,high,0,negative_final,B07,1
-0.49836239219244655,0.9926885389127922,0.8195692931275822,-1.2229564101182395,-1.7084376354759736,-2.5737047455506357,low,high,low,0,negative_final,B07,0
0.9024692225017834,0.2144508339716411,-1.53715388489619,-1.8092527687625064,-0.5432187779292064,-0.15538758002798425,low,high,mid,0,positive_final,A12,0
2.1874888293742063,-1.290364484542836,0.46584157339294285,0.8899620467263042,1.034106665830844,1.7428490822266585,mid,low,mid,0,negative_final,A12,1
0.2779830647427085,1.4548106449917426,0.1345513739825691,1.0158559910902707,0.065828352000775,-0.7027296456747674,mid,mid,mid,0,negative_final,A12,1
-0.2783911708109784,0.6333613148436524,0.6649695948920129,1.557568794645231,0.9269118338336562,0.9718318797471575,mid,mid,low,0,negative_final,B07,1
1.3758661731839563,1.0125460010538367,-0.8692024441608488,-0.5374818096955924,-0.845636172425942,-1.7545962587979989,mid,low,high,0,negative_final,A12,0
-0.6472406379880465,-0.05888180990272468,1.7428151307873132,1.7230132786548111,-0.45379229072392663,-1.9914330947855587,mid,mid,high,0,positive_final,A12,1
-1.6288901835745146,1.272487446598739,0.9101389195413822,1.5192739118611898,0.7818658711825951,0.7533075332076947,mid,mid,high,0,negative_final,A12,1
0.2825435261067931,-0.7078526767431832,0.5179960961112358,0.3068184540071549,0.11834221943416386,0.1715112576068154,mid,mid,low,0,negative_final,B07,0
0.19597503386460266,0.3169794177734066,0.2755938572114076,-3.472580036573654,-2.124981634241627,-1.72085009012939,low,low,mid,0,negative_final,C31,0
-0.1285074808558058,0.9893694382821313,-1.5234125259273101,1.80735583191223,-0.1428582459901077,-2.4293049505894957,low,low,low,0,negative_final,B07,0
-1.8193079286647236,-0.6931868272364192,0.7211577539262708,0.6441931502183642,0.5832712909035572,1.0085075951113027,mid,mid,mid,0,negative_final,A12,1
-0.7791516519282973,-0.19433154542032846,1.1549502114427885,-1.8502197301454402,-2.2788000399054384,-3.2188978776375756,low,high,high,0,negative_final,C31,0
-0.22514652735002125,0.19757892205140784,-2.5109090258851956,0.5853195449730133,0.3417536745738802,-0.5608699051608055,high,low,high,0,negative_final,A12,0
2.715946572312882,-0.26971853155733616,-0.603438685698493,0.36501439048700757,1.0974644009272638,1.9998509849681336,mid,mid,low,0,negative_final,B07,1
-0.1910476899470299,-0.5484396718269897,1.4046470591096194,1.6106407755421221,0.6614832897344157,0.5590605777844135,mid,low,high,0,negative_final,B07,1
0.8363237229955514,0.03126687724867452,-1.6240404827090704,1.0136105567139653,0.22322445163645574,-0.919356042500541,mid,low,high,1,negative_final,B07,0
1.3972264225587627,0.057013136371051244,0.7151676004196094,0.5980617864842832,-0.3807473365759743,-1.1678110152543253,low,low,mid,0,negative_final,B07,1
-0.9980298371797204,-0.7634313401500049,-1.168398251664442,-1.805873936245931,0.3798891686733178,2.0844357874868082,mid,mid,mid,0,negative_final,B07,1
0.4283129624734963,0.8991357136874919,-0.7318368837295401,-1.4990586050550325,-1.0166075261859342,-1.251744767534946,high,high,mid,0,negative_final,A12,0
0.2811795622694529,-0.9256208497743664,-0.37654340771950323,0.7935299143932287,0.29157554980568,-0.15603114927460315,low,low,mid,0,negative_final,B07,0
0.32627467084668543,0.030311657494342222,3.5944611010236875,2.1667203806282735,-0.5645769449678868,-2.0274110398391656,high,low,mid,0,negative_final,B07,1
2.6781098736383924,-0.4856511760906721,0.4778539640878875,0.7148889550088937,1.0627354069561468,1.9674251786905108,low,low,mid,0,negative_final,B07,1
-0.030144269520851127,-0.5677057842186854,1.853532636028369,2.143922980153304,0.5395336700463856,-0.04465622599208685,high,mid,mid,0,negative_final,B07,1
-0.5465073945087545,-0.5157170699330023,1.4160411565305493,-2.2208376077285026,-1.9882900233805805,-2.1374450606866766,low,low,low,0,negative_final,A12,0
-1.540793042430867,-0.13251667954189647,1.0914636469357601,1.0522809578518282,0.6069244909163634,0.8241484347024437,mid,high,high,0,negative_final,B07,1
0.4626263353811024,2.11785594962589,-0.010949974510389593,1.0343485332163698,0.0211894782071756,-0.869666669465029,low,mid,mid,0,negative_final,A12,0
-0.5833579722273482,0.03859194022703303,-1.7573980385402308,1.3932002148012663,0.1390918362522696,-1.4923775717476528,low,high,mid,0,negative_final,B07,0
0.2606628331504074,-1.400507960274943,-0.20174904039993447,0.23447641391028007,0.10878955955965842,-0.023955290454114597,mid,mid,mid,0,negative_final,B07,1
-0.8322938831181725,-2.209151619088701,-1.1486698476968957,-0.5261241826663936,-0.6008538453799921,-1.294390805875377,low,mid,low,0,negative_final,A12,0
0.3041261706698093,0.2658984798138483,1.8278821707389243,1.4692732767901322,-0.33475295311286996,-1.4654338315078816,mid,low,mid,0,negative_final,C31,1
0.9614216853675427,-1.824724046900739,0.370395632239211,-0.6480621472865866,0.265138435334574,1.3045830285808528,high,mid,high,0,positive_final,B07,1
0.1811165102110608,-0.8357621350209089,1.4623884334246073,0.4768306501889841,-0.32724002535114155,-0.6910889674274161,low,high,mid,0,negative_final,B07,1
-1.1103995172960208,0.567055517388103,1.6672628621131755,0.6613485644344714,-0.424673650232342,-1.0105530328161592,mid,high,low,0,negative_final,A12,1
-1.1912901392878061,0.0626853968868732,0.8616426749661525,0.4626512148724491,0.3179017399419565,0.6056419110548041,low,low,mid,0,negative_final,A12,0
0.8886627535509601,-0.5267554326549905,-2.2580038517693986,-0.06839321399476739,0.10748658993209179,-0.4376006523990107,low,high,low,0,negative_final,B07,0
-0.7107601035491785,0.07377010788688614,-0.640494055945438,0.38253085744353454,0.16784402788569383,-0.16396524924425226,mid,low,mid,0,negative_final,B07,1
0.058351004285477494,-0.744784206726527,1.9673928996529935,2.2014924311041275,0.7773094969246215,0.4883670809632036,low,high,mid,0,negative_final,B07,1
1.1453891885473528,-0.5315569372430567,1.442053623907046,3.039861920423089,1.505832173189099,1.2476082313810326,mid,high,mid,1,negative_final,B07,1
0.8858031376017194,0.2300095237628365,-1.2535667319888133,0.2782390568202626,-0.3134849723368851,-1.3800339933454113,mid,high,high,0,negative_final,A12,0
2.4648776358576834,-0.3001402843924914,-1.5818849100638168,1.1847895039286414,-0.061461904173650106,-1.710988294903541,mid,mid,low,0,negative_final,B07,1
0.3724346469822128,-0.7900663251352782,-2.950809881172374,-0.27880986594121804,0.746889822799591,0.9891127445739116,low,high,high,0,negative_final,A12,0
0.4520333445857688,-1.2400602924705844,-0.889345469445739,-1.2573889661082593,-0.9251963069341245,-1.307395810895979,mid,mid,high,0,negative_final,B07,0
-1.3777007731168525,-1.8579920416244045,-2.105361896408221,-0.6261622797383488,-0.28762202281655697,-0.8018489828984575,high,low,low,0,negative_final,B07,0
-0.8537365346849118,0.35920940045784094,-4.3455079739750655,1.8658843331272132,0.019385367639829454,-3.039461641245461,low,low,mid,0,positive_final,B07,0
-1.5396665192733199,-1.4862770299502939,0.44047253280946674,1.2234897963139333,0.8104536509743705,0.9256035086623903,high,low,low,0,negative_final,B07,1
1.3140094746438993,-1.2145434897264067,-2.5738779862745895,2.0140337279192795,0.017211969405740008,-2.5908921600326362,low,low,low,0,positive_final,A12,0
0.27654366689266663,0.799499253504148,-0.8244888290575428,1.366515591363228,-0.12252716632155483,-1.7621008126786126,low,low,mid,0,negative_final,A12,0
0.39530946245848375,-0.573437821542238,1.0033892725173097,0.926425736218531,-0.382701977264152,-1.367592423347955,mid,mid,low,0,negative_final,A12,1
-0.21915601971306176,1.2277208771391783,0.6700641085238576,1.3836488676017542,1.0338534871221468,1.3730542719880208,mid,mid,low,0,negative_final,B07,1
-0.20528709148810095,2.33416358012704,0.44561876845674875,-0.20410600995070705,0.6208785144199145,1.7542102523159333,low,low,low,1,negative_final,A12,1
0.31747193473109014,-0.031918494643361994,0.021715798354060345,0.8420098794096913,-0.08048257835108559,-0.9224140075846374,mid,high,high,0,negative_final,B07,1
1.2218005525188131,1.7495813052724989,-2.153605868597281,0.7472136135790959,0.2627468358719611,-0.7676881434734497,low,mid,mid,0,negative_final,B07,0
-0.3915648063298045,-0.015193128769989376,-1.2321836050025377,0.855743633513083,0.2301112951109156,-0.6346187457484556,low,mid,low,0,negative_final,A12,0
1.188145734706984,0.5367436230124615,-1.1937172060145087,-0.5850858257208731,-0.6297438242439797,-1.3234952197992107,low,high,low,0,positive_final,A12,0
-2.525718633602488,0.06395678691093298,-3.341286266960158,1.655906965822485,0.025234192663083403,-2.5089637574297052,low,mid,low,0,negative_final,A12,0
-1.187912808642065,-0.35301605672556224,-1.144627325924367,1.3465600745774795,0.10423941244036575,-1.329020148492184,low,low,high,0,negative_final,B07,0
0.42423425971189876,0.1433391676062309,-0.7054539749647677,0.08108873178611398,-0.6821252976885752,-1.8718892545963168,low,low,high,0,negative_final,A12,0
0.34753037615807447,1.163508767954987,-3.0089255357107607,-0.5051728057561615,0.568057772670501,0.7592007399746417,high,high,high,0,positive_final,B07,0
0.007964282647330446,1.0037095238106777,-0.01772352057573312,0.19718355533421172,1.042622813995382,2.215526457472121,mid,high,high,0,negative_final,B07,1
0.030478850265664822,-1.4919361464713747,2.068875352477188,1.494836792688706,-0.4540800154407917,-1.6827130502796606,mid,mid,low,0,negative_final,B07,1
-0.2218609037953063,0.4216844682644445,-1.2470049152508826,-0.3500653598006488,0.01857118655158482,-0.059212966814626844,low,low,high,0,positive_final,A12,0
-0.09116911955618714,-2.240049898519503,-0.8123755072834945,-2.7425562380504362,-1.3695573546550892,-0.9896268175506402,low,low,mid,0,negative_final,B07,0
0.10884563020912037,-1.1186314281988077,-1.6327297427467844,1.0276795413862025,0.20273995739988293,-0.9817349945881984,mid,low,low,0,negative_final,B07,0
2.333244404285301,0.19228267439904112,-0.0365018677180069,-1.1418946978164302,0.143870431149759,1.32839685834076,low,low,high,0,negative_final,B07,1
1.0175012290841814,2.6631823501198237,0.7702358945048113,1.5472832021775984,-0.10588985381180753,-1.3575273469594509,mid,low,mid,0,negative_final,A12,1
-0.1653990181435119,1.3059699173271888,-1.3445783898369215,-0.20449525251096312,0.03741563361851823,-0.17684533602639918,low,mid,high,0,negative_final,B07,0
0.49444341408361847,0.7236136191777794,1.0597178746563218,0.5911702359057489,-0.20098710444112466,-0.6349694138969191,mid,high,mid,0,negative_final,B07,1
-0.5277768642459393,0.7714389919158241,0.8540485264454386,0.9834547495435859,-0.26771399320063355,-1.2030832657739923,high,mid,high,0,negative_final,A12,1
-1.7048785541323237,-2.276991207533051,-1.8293520046964469,-1.3165571179730655,-0.7896630205979079,-1.2538111458363919,low,mid,low,0,negative_final,A12,0
-0.6504130347099937,0.5296931329054426,-0.16581107596480116,0.012788710818060434,0.3237614643957617,0.6779225069595252,low,low,mid,0,negative_final,B07,0
0.10164428768951007,-1.131026391491943,1.5730320465753387,1.104228868758543,-0.4088587113989725,-1.3969748346759423,mid,high,low,0,negative_final,A12,1
-0.7358039150428299,0.20367208489309827,-0.6894370661363038,-0.1996313911603177,-0.27620784906520046,-0.6856204350998772,low,high,mid,0,negative_final,A12,0
0.24707737780630315,0.08733105791540921,1.6064170322005262,1.0301029999181288,-0.3636666929877396,-1.2165613969566338,mid,low,low,0,negative_final,B07,1
-0.2657695864939831,1.4334224198251682,2.117745043988826,3.027938617058613,1.1326414903908435,0.6235854514386556,low,low,mid,0,negative_final,A12,1
-1.8024089074942171,-0.6465295211924377,-2.751466956981159,2.142535228284859,-0.09728372529349127,-3.026223551026222,low,mid,low,0,negative_final,A12,0
-0.15492460183627646,0.7007362851328974,1.0793924172158558,1.7102207172118797,0.4610754785335067,-0.09682894584189983,mid,high,high,0,negative_final,A12,1
-0.15060591943684326,-0.7137538562706509,2.228664537594378,1.0686982596844465,0.35904739204360064,0.6152934870310143,mid,mid,high,0,negative_final,B07,1
0.7458012510604037,0.5934291731936091,-0.23080946184758366,0.3554908019563847,0.3889023797668693,0.5030828306216701,low,mid,high,0,negative_final,A12,0
2.2142515234622757,-0.2960172273298979,-0.7876977226110924,0.23244443827898886,0.238997676557324,0.08369169287525446,mid,high,low,0,negative_final,B07,1
0.5890569474058676,0.33872050286963534,2.392571500845227,1.8536260554364246,-0.6308871177861392,-2.2994752101598133,mid,high,low,0,negative_final,B07,1
-0.9663123857651326,0.15013611637138463,-0.9984213935702709,-2.5375152537090004,-0.9718027161692957,-0.31837978229834385,low,low,low,1,negative_final,B07,0
-0.42675711688235407,-0.5418349876686417,0.7309709602801431,0.7274238782936342,-0.23297032368258017,-0.9374352549910551,mid,low,low,0,negative_final,B07,1
0.4995269850954084,2.288682068797672,-1.7981470340887744,1.1538844317452348,0.2294534064197963,-1.0865461998704857,low,high,mid,0,negative_final,B07,0
1.8618057836696316,-1.07669016922513,0.6303617083598921,-0.03166432512542161,-0.232275856627134,-0.29772527240711333,mid,mid,low,0,negative_final,B07,1
-1.261454833655109,-0.865039226348993,1.21615500746963,1.0414630938283884,0.26355757849555544,0.08586502492348103,mid,low,high,0,negative_final,A12,1
0.07999338055914339,0.3479061163248855,3.2319951790265202,1.7815634350226577,-0.6559524063975182,-2.0163576323266166,mid,high,mid,0,negative_final,B07,1
0.08312246565668001,-0.46710340679077605,0.611061329466607,-1.0814886586822148,-1.25980994259163,-1.7367504496895854,low,low,high,0,negative_final,B07,0
-1.038801828002556,0.5029004049141359,0.6496335135627823,1.033706579344948,-0.10469182523867328,-0.9403795636282773,mid,mid,mid,0,negative_final,B07,1
0.5401127116831267,-1.2824986211215224,-1.028258399303734,1.2457205304161636,0.2573816894298103,-0.8495499402347226,low,mid,high,0,negative_final,B07,0
-0.5091952404854638,0.7775312408149441,-0.7689229375475771,-1.588944796724919,-0.8819164267127185,-0.8749940719302709,low,high,low,0,negative_final,B07,0
0.20672404724499435,0.7589386001219477,0.9264373584633628,0.5094568025759482,0.1778578136148023,0.2638334054809034,mid,mid,mid,0,negative_final,A12,1
1.1159020533653614,-0.6492655780759244,2.301172753634092,1.8457415033348255,-0.32851779757841076,-1.6278714954888338,mid,low,mid,1,negative_final,A12,1
-0.7082884626016631,0.3428151624026237,-1.283614265416078,-1.1440819485697642,-1.1169087064264316,-1.978217117591249,low,low,high,0,negative_final,A12,0
0.3550224544215164,-0.22111309528850173,2.000081569938961,1.846324814426163,-0.2651100673306709,-1.5820385246380113,mid,low,high,0,positive_final,A12,1
-0.007042798924735517,1.312408621742632,2.362916317657665,2.0870391973599194,-0.3948320427889757,-1.9732716895892888,mid,low,low,0,negative_final,B07,1
-0.6489138812724988,0.189092493839052,1.899469900017998,1.5693648454822697,0.7654769858814081,0.9977980778162006,mid,mid,mid,0,negative_final,B07,1
-2.3026969895447165,-0.4449457601246716,-1.5460688099654618,1.2677601737606032,0.1897679769088098,-1.1952661154709958,low,low,mid,0,negative_final,A12,0
1.0844795830730707,-0.5775300935075538,0.7804303915144655,-1.7075318338808696,-1.9687716519705654,-2.7562772400755,low,low,low,1,negative_final,A12,0
0.08718640420643022,0.7080891218566765,-0.7098577980703571,0.9789662296096108,0.07569276044319731,-0.9260673055212463,low,low,low,0,negative_final,B07,0
0.005492550243393307,-0.47570526373119687,0.832923830191853,1.0345641313491205,0.8006340400414935,1.1996158657306548,mid,low,mid,0,negative_final,B07,1
-0.10553005200230739,-0.1843566507170958,1.1167587360660187,-2.3565664475095636,-2.075857001365142,-2.3173777284602233,low,mid,mid,0,negative_final,B07,0
-0.6654854146902154,0.8731694306934659,-0.30145815303661005,-2.1671617274572754,-0.3325047390994629,1.053058060659216,high,low,mid,0,negative_final,B07,1
1.1761751052399196,-1.7339835294173527,0.8313321575846682,1.233227557073678,0.9040003510242591,1.2609163468710722,mid,low,mid,0,negative_final,B07,1
-1.4108244980878752,-1.1744705267667168,-0.5464088345693698,0.1908761619404734,0.06971562275812708,-0.18890831535020658,high,low,high,0,negative_final,B07,1
0.2404712493302069,-2.4197452474117624,1.554326979750725,1.5687228515075027,0.4039955155253397,0.053861055816145975,mid,low,low,0,negative_final,A12,1
0.38153856258933105,0.6365963258218292,1.4166457112855517,1.1348453641909537,0.45035299976886056,0.49865830610573825,mid,mid,high,0,negative_final,B07,1
-0.25325491002521017,-1.2144592807526615,0.6457380052247078,0.7660385129737042,0.44706108409627787,0.5628792920141517,mid,mid,high,0,negative_final,A12,1
0.0788960965985086,0.02313872309816787,2.107532900122135,1.2146559421851055,0.4891853514995756,0.745277114163335,mid,mid,low,0,negative_final,A12,1
-1.960158008293832,2.060558616616052,-1.6132009871206727,1.4362588080979457,0.088783229005781,-1.5984766840724118,low,high,low,0,negative_final,A12,0
1.0501105961089143,-0.8639512214208059,-1.5637793299619087,-1.208963606333218,-0.07351652682200802,0.38424145472019444,low,high,low,0,negative_final,A12,0
0.4213798110980826,-0.5938401622466388,0.863109112422582,1.7945908999183144,0.8491587683111402,0.6489349023396054,mid,high,low,0,negative_final,A12,1
0.21047054153048458,-0.16456307100859416,-1.3730987267009753,0.9927389380537845,0.24143298494241303,-0.7762551460446802,mid,mid,low,0,negative_final,C31,0
0.03795043629044597,0.13554459215862996,0.34165480062440534,-2.246699058367377,-1.5435714358354038,-1.447205354988539,high,low,low,0,negative_final,B07,0
-0.6886667549629432,-0.06265695620244455,-0.6860732284177813,1.1820213059355564,-0.19953592468221915,-1.7302195824005238,low,high,low,0,negative_final,A12,0
-0.08834265900909503,0.9213496029864963,2.0194703154635296,-0.1277202319864037,0.05826342165851601,0.9131915781143609,low,low,low,0,negative_final,B07,0
-0.10212844003499932,0.4092583875972426,1.258492425819033,1.3348491539189336,1.1294395597180953,1.8300132157277882,mid,low,high,0,negative_final,A12,1
0.030190787210155032,0.6086074423567405,1.7839037735418715,1.2627465658935004,0.5191528487256787,0.66481984574895,low,low,high,0,negative_final,A12,1
0.8338073391593647,-0.427755687046752,-1.215637848093222,-0.8550215294512745,-1.268366381715901,-2.5594444977428696,low,high,high,0,negative_final,B07,0
1.8613155972363946,1.8866146460894102,0.18103930968158743,0.7679406627628402,-0.05714148803672371,-0.7507043878097455,mid,low,high,0,negative_final,A12,1
-0.018558005766067587,1.076146312640013,-1.4427308302032067,-0.41947043758183666,0.09095878769295779,0.10391669791922498,low,high,high,0,negative_final,B07,0
-1.9593902260907439,0.7326493607290827,1.5374851106164074,0.7005217290097216,0.024652386931604774,-0.05554969261273501,mid,high,low,0,negative_final,B07,1
1.193956259988278,-0.33689782558349113,0.3677880975250182,1.1390448614321063,0.9054436145046161,1.1945698255418569,mid,mid,mid,0,negative_final,A12,1
-0.09437175003538116,-0.08589324971779164,1.7458246362747403,1.8585711562846017,-0.25857593057186756,-1.6617512744821892,high,high,high,0,negative_final,A12,1
1.1986413719910511,-1.9373623164764597,1.6444149253981908,0.9118997337217226,-0.28251657675437014,-0.9130201225261949,mid,high,low,0,negative_final,B07,1
-0.37171290329290085,-0.9923132660360943,-2.5601594399662755,0.5814498893196567,0.21918971475004245,-0.8553284294628597,low,low,high,0,negative_final,B07,0
-0.7491792406291301,0.22534275368906728,-1.294459508412986,1.6485101276890513,-0.20029003750110227,-2.345247676445311,low,low,mid,0,negative_final,B07,0
0.7635911006198558,1.257059956689093,-2.1704135998757517,0.5552719803526465,0.09783402410806147,-0.982427013340165,low,mid,high,0,negative_final,B07,0
-0.17186298646329173,-1.1081645311908017,-0.1753326548011973,0.0862049022630309,0.611258131422146,1.2704688080194635,mid,mid,mid,0,negative_final,A12,1
-0.7670545065706765,0.21181707897447793,0.7846387842979188,1.1610349824997201,0.7634269522575131,0.9863416508494699,high,low,mid,0,negative_final,B07,1
0.9212476849103453,-0.5423723214387958,-1.7222843361863331,-0.30634114317453376,-0.31293671900353726,-1.0164531184118966,low,mid,low,0,negative_final,B07,0
-0.36883022959254025,0.4017712825585737,0.9936626964482407,0.887300677778782,-0.20050779268741886,-0.9175519748560668,high,mid,high,0,negative_final,A12,1
-1.155625481668862,0.06526819534255347,0.5879610524827343,1.1090341925891714,0.9697215283062806,1.441459297490566,low,high,mid,0,negative_final,B07,1
-0.3038308479862159,1.5681047947182098,0.7807237126637185,1.7489670228922825,-0.06744374295560442,-1.4440869371981433,mid,high,high,0,negative_final,B07,1
1.4105680050051588,1.2144791339073469,-1.0175471097917592,1.6418033824215414,0.13706148449759295,-1.4727718147324254,low,low,mid,0,positive_final,A12,0
0.26588629805933295,1.7691167002632864,0.8402802061137029,0.4697437675622068,0.6212637776828218,1.2893912197298147,mid,mid,mid,0,negative_final,A12,1
0.8729191867707867,-0.6299052547184123,-0.18421328359713907,-0.49769691600281574,0.7726173009839123,2.1546955843838065,mid,mid,mid,0,negative_final,B07,1
-1.6230458934657455,0.5633454625050239,0.12907870228052243,0.5071222502066686,0.14164065827428962,-0.08042557037294418,low,low,high,0,positive_final,B07,0
-0.2655468380184237,0.48342548811460334,-1.6867626113677512,-0.4689635521868911,0.002694046812140768,-0.13565231442370806,low,low,high,0,negative_final,A12,0
-0.3991118522027499,-0.6528967724115621,0.7895226448869628,-2.5775872335185976,-2.0374459627204966,-2.141630375209501,low,low,high,0,negative_final,A12,0
0.5794425728672615,0.1476993252267769,-1.7515484680212094,1.1266676355440537,0.2121285472645936,-1.0869098942193758,low,low,mid,0,negative_final,B07,0
0.6532831732495379,2.68753436569696,0.17761510524590673,-1.8551027001938767,-1.4783763199195532,-1.6978414367163126,low,high,high,0,negative_final,A12,0
1.1423264545383518,-1.1208223655203873,-2.163665836603913,1.2629621719403805,0.06039298680628222,-1.692090566096079,mid,low,mid,0,negative_final,B07,0
0.7653902141704337,-0.1918214582066392,0.45655761786945304,-3.4830838275363383,-2.1031068024200597,-1.6015841930774752,mid,low,low,0,negative_final,B07,0
-0.808419824523387,-0.31526484424154627,0.7806821225183787,0.6868293961584383,-0.2889825701212105,-1.0138376788428136,mid,high,low,0,negative_final,C31,1
1.792922591330873,0.22395527808973467,-0.5238945482427839,-0.9123037745363531,-0.803618578315785,-1.2126268459214278,low,high,high,0,negative_final,A12,0
-0.9809174429602977,-1.3279180716872732,-2.1585389180916854,0.9224332161390795,0.3228540437292026,-0.7861588151080615,low,low,high,0,negative_final,A12,0
-1.7628324838426952,-1.026640734735731,0.21953178095221304,0.6736057068236372,-0.1113076006347796,-0.7790402770335529,mid,low,low,0,negative_final,A12,1
0.23658175087619732,1.3697087779697807,1.1876170961310342,2.2579972502912184,1.0988826234143039,0.920011174644659,mid,low,mid,0,negative_final,B07,1
1.110302361982764,-1.1834061882665312,1.6514466637119396,-0.9628791149589842,-0.3292191614217336,0.639977512294593,mid,low,low,0,negative_final,A12,1
1.2078093084610022,-0.316650029261228,0.5085674023268361,0.12171664780020053,0.3225798332406902,0.8013987099612707,low,high,mid,0,negative_final,B07,0
-0.6218183005063913,0.7013730648392228,-2.899130722252689,1.5734538191180811,0.17737942421984607,-1.940545602981235,high,mid,high,0,negative_final,A12,0
0.0495785204847066,-0.16134421165179372,2.200956465650661,0.8416761090573012,-0.22001174924961978,-0.5236508913735276,mid,mid,high,0,positive_final,A12,1
-0.5339091013167999,-1.4071440262149164,-1.0836089278112677,0.9570490426956806,0.28043968228626165,-0.559539438194659,low,low,mid,0,negative_final,A12,0
-0.44791447968698456,-1.2758320865699382,2.3520144607422377,1.7452455945752878,0.2933845012230227,-0.0932020174067949,mid,low,low,0,negative_final,B07,1
0.2056863749606842,-0.37845405184645964,1.3486664750705288,1.9817818336569513,-0.14948392910440605,-1.6510907639699903,mid,mid,high,0,positive_final,B07,1
0.863100226170631,-0.7964401810595795,-1.5884910166778368,1.634376808309087,-0.2116472372835791,-2.45586652287019,low,mid,high,0,negative_final,A12,0
0.03272449154070758,-0.266914712014321,-0.9566508308652142,-0.9883755413743536,-0.701745096074637,-1.0540607351191904,low,mid,mid,0,negative_final,A12,0
-0.8202413294487015,-0.02402785808060396,1.4139400931240453,1.1370848980908228,0.2505419763027771,0.036655660355795594,mid,high,mid,0,negative_final,A12,1
0.36257081502648514,1.3684219544726752,-3.9315398453313724,0.1690042183656546,1.1774796127756986,1.2588879733637324,low,high,high,0,negative_final,B07,0
-0.986786045739545,1.4820224936157906,0.670472152406055,1.1894621068372249,0.7716812438505927,0.9424971347635029,low,mid,low,0,negative_final,A12,1
1.5728146409171813,0.25045240772777744,1.2472399788864292,0.4139112862147313,0.28886330632741813,0.7092557616675199,mid,low,low,0,negative_final,B07,1
-0.22019462700795758,-2.0678547264359923,-2.06208087316144,0.30940198988797474,0.10906555592139704,-0.7034334680320711,low,high,mid,0,negative_final,A12,0
0.2513056408063804,-0.0015505058359027444,-1.5677973173632436,1.16831366642825,0.14581604918105456,-1.2154822050762153,low,mid,low,0,negative_final,A12,0
-0.18753412005487335,-0.9425653914430656,-0.2705236764990965,-1.6566274926014097,-0.9636190966888243,-0.8384196091471889,low,mid,high,0,negative_final,C31,0
0.8554600086826448,1.2873243901521403,2.500881118220442,-0.402317416199635,-0.8870650161605275,-0.8573059793068005,mid,mid,high,0,negative_final,B07,1
-1.6988491998036455,1.4571957599562464,-0.3763250228437416,0.8658026633146277,0.1683673253333975,-0.5029847199497297,mid,high,low,0,negative_final,B07,1
0.6397873317955373,-0.7252689779610714,0.9710566914166001,-0.3288992849905932,0.21602971037600194,1.1076823854723319,mid,low,mid,0,negative_final,C31,1
-0.9149590677826966,0.0812768427670279,-0.8300161985099305,1.6378726413250169,-0.17977825631566513,-2.13545629422886,low,high,high,0,negative_final,C31,0
0.2650560448403119,-0.04502682282886669,-1.2865258541219284,-2.2832054509454,-0.3650569383440947,0.7558430035304935,low,high,high,0,negative_final,C31,0
-0.22898286149024658,0.09004283765328626,-2.4520891499499067,1.4405548498995855,0.05645334088769008,-1.9533707276816434,low,mid,high,0,positive_final,A12,0
0.3794820571655074,1.8115048125935167,1.8349097418653513,1.274083313432241,-0.3476565752613594,-1.3201456826664517,mid,high,high,0,negative_final,A12,1
-0.451409657600639,-0.4360534876498796,0.20497881560248388,0.850821688384306,-0.10727168794120334,-0.9312923624986471,low,high,low,0,negative_final,B07,0
-0.4317957886402062,-0.8860424543316735,2.324000378042116,1.261039618654784,-0.32087609326538924,-1.0856891601949883,mid,low,high,0,negative_final,A12,1
0.10354413863939305,-2.1622192209177933,0.741245341604031,-2.351309160276087,-2.154359678530196,-2.6263194899887297,low,low,low,0,positive_final,A12,0
-0.5260780322119588,-0.014019538257588698,2.6255763662004092,1.8813128336699538,-0.5371607472966001,-2.0317101111965563,mid,high,low,0,negative_final,A12,1
-0.966517025934993,0.41719046438256424,-1.9558658148668084,1.7651735785743115,0.09579660942713847,-1.986310946349364,low,mid,high,0,negative_final,A12,0
0.08334707099324289,0.8812847814327686,0.12392442192314579,0.7959974527430218,0.06002263038159981,-0.5251411912214774,mid,mid,mid,0,positive_final,B07,1
0.5212952905957563,0.005810558542450015,-1.178849562552022,-1.5718236488410755,-0.4096322318881894,0.059824718439219104,mid,high,mid,0,negative_final,A12,0
0.07518708760618616,1.227050059970152,-1.676060874384056,0.7867274566242171,0.14645283370029305,-0.9122805219634147,low,mid,low,0,positive_final,B07,0
-0.40996050385277344,-0.7470780793016416,1.7846234787864914,2.026283676618664,1.020754802132427,1.1424006174148083,mid,high,high,0,negative_final,A12,1
-0.36722421595499294,-0.7067567572181777,-0.2293338389579147,0.8645062746642043,0.0614942444791487,-0.6989106507611991,low,high,mid,0,negative_final,C31,0
1.5856464928857328,0.7795667272403815,0.8369938917929994,1.00316694933337,0.5170325152998293,0.5770608633789504,mid,low,mid,0,negative_final,B07,1
-0.5071230600565902,-0.23635473708899585,-1.8942379673209855,1.9450560282313472,-0.047855432737575546,-2.4551439046818464,mid,high,high,0,negative_final,A12,0
0.878643509726043,0.7621984007922114,-2.3102442812203368,0.476476952925036,0.47203875291588393,-0.09902879057628611,low,high,mid,0,negative_final,A12,0
0.8284545156951065,-0.9267131024921815,1.7491492287536479,1.473168728477545,-0.39406764635154007,-1.6311525731192245,mid,mid,mid,0,negative_final,B07,1
-0.8748203800761191,-2.2763735085920023,-2.50198567376247,-0.1330312881830651,0.6160609677738426,0.7076680116548191,high,mid,high,0,positive_final,B07,0
0.23957654036320872,0.9039227507368559,0.7853993240281794,1.747021958645884,1.210598759473037,1.495884714869989,mid,low,mid,0,negative_final,A12,1
-0.5071078941326084,-1.1710418541758545,-1.057619965320321,0.9001114909073729,0.1666153777641092,-0.7621577476300065,high,high,mid,0,negative_final,B07,0
-0.7590404472086483,0.033458770992302565,-2.4447515927967514,1.761094239456431,-0.030829035260137454,-2.434982819616542,low,mid,high,0,negative_final,B07,0
-1.7377297550512922,-1.947883513321163,-1.622860448427379,1.0646779259716248,0.2168974472301778,-0.9786672364665258,mid,low,low,0,negative_final,A12,0
-2.7735628629134483,0.8009366396294623,-0.870334787084726,0.03226559297015685,0.2520663357933568,0.2634849137148392,mid,mid,low,0,negative_final,A12,1
-0.2049350378132454,0.006868254939036984,-0.9037361712197607,-0.9825893522338557,-0.4453397307739787,-0.4525448913143746,low,low,high,0,negative_final,A12,0
-1.0981454780308466,-0.3618113392325675,-0.4537954940063962,0.6002984468227657,1.2712198086860342,2.2404094495234492,mid,low,high,0,negative_final,B07,1
-1.5342986263844585,0.9124352492591664,-1.2879816014468135,1.0503643970839704,0.3074983253728758,-0.6473250950123219,low,mid,low,0,negative_final,C31,0
-0.8171854666089954,-2.094120627663777,1.3684278887610168,1.1404773677722633,-0.399003847867426,-1.4739000142336023,mid,high,low,0,negative_final,B07,1
0.09643371879348994,-0.6808872820390818,-1.3522826584906034,2.2443780874393484,-0.09229690935860074,-2.64314456452373,low,mid,mid,0,negative_final,B07,0
-1.8991763879154675,0.07842939901864268,1.3917740988933005,1.4283470638370366,-0.2758496265296132,-1.4377928367125188,mid,low,high,0,negative_final,A12,1
-1.449856565480906,-1.106308181228342,2.5052001722181156,1.3635089155530014,-0.2615928733919788,-0.9802973252165003,mid,high,mid,0,negative_final,A12,1
-1.1053533175527916,0.7821826079557601,2.1625574161448053,1.7480204082779962,0.666247668014628,0.6986007828099947,mid,low,mid,0,negative_final,A12,1
0.29798223637745164,0.7609047431569078,-0.4430062624899185,-0.23905162190205742,-0.9193524310670415,-2.0472731433455404,low,low,low,0,negative_final,A12,0
0.6329617515098265,-0.4495760382252812,-0.5778135791523147,0.2728467756540718,0.1268788370269999,-0.14041229829066615,mid,low,high,0,negative_final,B07,1
0.6802653792954804,1.1578148420240095,-0.8910488503133018,0.900267084421511,0.4451432030220583,-0.06732597601509738,high,mid,low,0,negative_final,B07,0
-1.0144188771679996,0.7828702435813464,-1.8013035823315362,-0.4168588945233138,-0.48265455324728546,-1.3347694324204353,low,mid,high,0,negative_final,A12,0
1.8113750286649815,0.6235488569016372,0.7751439346363445,1.048091631234454,-0.21062134998302712,-1.1550934863064133,mid,mid,high,0,negative_final,B07,1
0.5845032161193091,0.44965590662585037,0.9323784567017354,0.2103925668852581,0.302899974562554,0.8176002319267548,mid,low,low,0,negative_final,B07,1
0.9825734636277772,0.6563608698285485,-1.9839618085509838,-0.15379797382464278,-0.021033720375015146,-0.5669625856537648,low,high,high,1,positive_final,A12,0
1.0310629139880534,0.10854267602843841,-0.5063935586604531,1.376389220682487,-0.13732834124942403,-1.6998817353173887,low,low,low,0,negative_final,B07,0
-0.045970007917145186,-1.1466647145209035,0.5379377529047291,2.551518920164452,1.755006367525667,1.9537095854536863,low,mid,low,0,positive_final,B07,1
-0.9438507054237175,-1.0945865395529288,0.5725047338625993,2.0060670707281725,1.5317548133413619,1.934503506303009,mid,high,high,0,negative_final,B07,1
-0.5356133384254117,0.8566171046256775,-0.6645640263717247,0.8633022556791428,1.234992291807007,1.8550265356353923,low,high,high,0,negative_final,B07,1
0.5037360462124257,0.5823959599840627,-1.0061393574345676,0.5790091176830627,0.07804006884754476,-0.6647285399721968,low,high,mid,0,negative_final,A12,0
