dataset,comparison,metric,mean_delta,std_delta,n_seeds
adult,LASFS-w/o-leakage - LASFS-full,clean_auroc,0.0169815510567193,0.007835634627996777,5
adult,LASFS-w/o-leakage - LASFS-full,clean_f1,0.015095481677997324,0.01781146340751183,5
adult,LASFS-w/o-leakage - LASFS-full,deployment_drop,0.10397698173063867,0.05837679134700204,5
adult,LASFS-w/o-leakage - LASFS-full,selected_leakage_count,0.8,0.44721359549995804,5
adult,LASFS-w/o-leakage - LASFS-full,injected_leakage_recall,0.08,0.044721359549995794,5
adult,LASFS-w/o-availability - LASFS-full,clean_auroc,0.02444307417231979,0.0035960084872316187,5
adult,LASFS-w/o-availability - LASFS-full,clean_f1,0.05129781957035897,0.01159611226279842,5
adult,LASFS-w/o-availability - LASFS-full,deployment_drop,0.0,0.0,5
adult,LASFS-w/o-availability - LASFS-full,selected_leakage_count,0.0,0.0,5
adult,LASFS-w/o-availability - LASFS-full,injected_leakage_recall,0.0,0.0,5
adult,LASFS-w/o-uncertainty - LASFS-full,clean_auroc,0.0,0.0,5
adult,LASFS-w/o-uncertainty - LASFS-full,clean_f1,0.0,0.0,5
adult,LASFS-w/o-uncertainty - LASFS-full,deployment_drop,0.0,0.0,5
adult,LASFS-w/o-uncertainty - LASFS-full,selected_leakage_count,0.0,0.0,5
adult,LASFS-w/o-uncertainty - LASFS-full,injected_leakage_recall,0.0,0.0,5
bank,LASFS-w/o-leakage - LASFS-full,clean_auroc,-0.027693809162501037,0.05457693628125722,5
bank,LASFS-w/o-leakage - LASFS-full,clean_f1,-0.02725539718443116,0.04375668774004063,5
bank,LASFS-w/o-leakage - LASFS-full,deployment_drop,0.31831646766799276,0.18316215133245503,5
bank,LASFS-w/o-leakage - LASFS-full,selected_leakage_count,0.8,0.4472135954999579,5
bank,LASFS-w/o-leakage - LASFS-full,injected_leakage_recall,0.08,0.044721359549995794,5
bank,LASFS-w/o-availability - LASFS-full,clean_auroc,-0.0016049942413291162,0.0009634382445032959,5
bank,LASFS-w/o-availability - LASFS-full,clean_f1,0.000641684426395922,0.004277284207994761,5
bank,LASFS-w/o-availability - LASFS-full,deployment_drop,0.0,0.0,5
bank,LASFS-w/o-availability - LASFS-full,selected_leakage_count,0.0,0.0,5
bank,LASFS-w/o-availability - LASFS-full,injected_leakage_recall,0.0,0.0,5
bank,LASFS-w/o-uncertainty - LASFS-full,clean_auroc,0.0,0.0,5
bank,LASFS-w/o-uncertainty - LASFS-full,clean_f1,0.0,0.0,5
bank,LASFS-w/o-uncertainty - LASFS-full,deployment_drop,0.0,0.0,5
bank,LASFS-w/o-uncertainty - LASFS-full,selected_leakage_count,0.0,0.0,5
bank,LASFS-w/o-uncertainty - LASFS-full,injected_leakage_recall,0.0,0.0,5
blood,LASFS-w/o-leakage - LASFS-full,clean_auroc,-0.02638332546341693,0.12567709269829738,5
blood,LASFS-w/o-leakage - LASFS-full,clean_f1,0.01203111699713234,0.19200685856739474,5
blood,LASFS-w/o-leakage - LASFS-full,deployment_drop,0.30684986621142224,0.19863203255996278,5
blood,LASFS-w/o-leakage - LASFS-full,selected_leakage_count,0.8,0.4472135954999579,5
blood,LASFS-w/o-leakage - LASFS-full,injected_leakage_recall,0.08,0.044721359549995794,5
blood,LASFS-w/o-availability - LASFS-full,clean_auroc,0.0,0.0,5
blood,LASFS-w/o-availability - LASFS-full,clean_f1,0.0,0.0,5
blood,LASFS-w/o-availability - LASFS-full,deployment_drop,0.0,0.0,5
blood,LASFS-w/o-availability - LASFS-full,selected_leakage_count,0.0,0.0,5
blood,LASFS-w/o-availability - LASFS-full,injected_leakage_recall,0.0,0.0,5
blood,LASFS-w/o-uncertainty - LASFS-full,clean_auroc,0.0,0.0,5
blood,LASFS-w/o-uncertainty - LASFS-full,clean_f1,0.0,0.0,5
blood,LASFS-w/o-uncertainty - LASFS-full,deployment_drop,0.0,0.0,5
blood,LASFS-w/o-uncertainty - LASFS-full,selected_leakage_count,0.0,0.0,5
blood,LASFS-w/o-uncertainty - LASFS-full,injected_leakage_recall,0.0,0.0,5
cultivars,LASFS-w/o-leakage - LASFS-full,clean_auroc,-0.21083984375,0.07746870947402441,5
cultivars,LASFS-w/o-leakage - LASFS-full,clean_f1,-0.22648536719422693,0.25601200222852494,5
cultivars,LASFS-w/o-leakage - LASFS-full,deployment_drop,0.42392578125,0.03774069786409036,5
cultivars,LASFS-w/o-leakage - LASFS-full,selected_leakage_count,1.0,0.0,5
cultivars,LASFS-w/o-leakage - LASFS-full,injected_leakage_recall,0.1,0.0,5
cultivars,LASFS-w/o-availability - LASFS-full,clean_auroc,-0.17109375,0.10192548004329272,5
cultivars,LASFS-w/o-availability - LASFS-full,clean_f1,-0.09974007832262173,0.0647089855037406,5
cultivars,LASFS-w/o-availability - LASFS-full,deployment_drop,0.0,0.0,5
cultivars,LASFS-w/o-availability - LASFS-full,selected_leakage_count,0.0,0.0,5
cultivars,LASFS-w/o-availability - LASFS-full,injected_leakage_recall,0.0,0.0,5
cultivars,LASFS-w/o-uncertainty - LASFS-full,clean_auroc,0.0,0.0,5
cultivars,LASFS-w/o-uncertainty - LASFS-full,clean_f1,0.0,0.0,5
cultivars,LASFS-w/o-uncertainty - LASFS-full,deployment_drop,0.0,0.0,5
cultivars,LASFS-w/o-uncertainty - LASFS-full,selected_leakage_count,0.0,0.0,5
cultivars,LASFS-w/o-uncertainty - LASFS-full,injected_leakage_recall,0.0,0.0,5
diabetes,LASFS-w/o-leakage - LASFS-full,clean_auroc,0.0,0.0,5
diabetes,LASFS-w/o-leakage - LASFS-full,clean_f1,0.0,0.0,5
diabetes,LASFS-w/o-leakage - LASFS-full,deployment_drop,0.0,0.0,5
diabetes,LASFS-w/o-leakage - LASFS-full,selected_leakage_count,0.0,0.0,5
diabetes,LASFS-w/o-leakage - LASFS-full,injected_leakage_recall,0.0,0.0,5
diabetes,LASFS-w/o-availability - LASFS-full,clean_auroc,0.0,0.0,5
diabetes,LASFS-w/o-availability - LASFS-full,clean_f1,0.0,0.0,5
diabetes,LASFS-w/o-availability - LASFS-full,deployment_drop,0.0,0.0,5
diabetes,LASFS-w/o-availability - LASFS-full,selected_leakage_count,0.0,0.0,5
diabetes,LASFS-w/o-availability - LASFS-full,injected_leakage_recall,0.0,0.0,5
diabetes,LASFS-w/o-uncertainty - LASFS-full,clean_auroc,0.0,0.0,5
diabetes,LASFS-w/o-uncertainty - LASFS-full,clean_f1,0.0,0.0,5
diabetes,LASFS-w/o-uncertainty - LASFS-full,deployment_drop,0.0,0.0,5
diabetes,LASFS-w/o-uncertainty - LASFS-full,selected_leakage_count,0.0,0.0,5
diabetes,LASFS-w/o-uncertainty - LASFS-full,injected_leakage_recall,0.0,0.0,5
german_credit,LASFS-w/o-leakage - LASFS-full,clean_auroc,-0.05042857142857142,0.04445413283715986,5
german_credit,LASFS-w/o-leakage - LASFS-full,clean_f1,-0.029430232548887193,0.08109210998386192,5
german_credit,LASFS-w/o-leakage - LASFS-full,deployment_drop,0.29648809523809516,0.032192999909876084,5
german_credit,LASFS-w/o-leakage - LASFS-full,selected_leakage_count,1.0,0.0,5
german_credit,LASFS-w/o-leakage - LASFS-full,injected_leakage_recall,0.1,0.0,5
german_credit,LASFS-w/o-availability - LASFS-full,clean_auroc,-0.03125,0.022551276919565943,5
german_credit,LASFS-w/o-availability - LASFS-full,clean_f1,-0.003214213229114482,0.010047095400889204,5
german_credit,LASFS-w/o-availability - LASFS-full,deployment_drop,0.0,0.0,5
german_credit,LASFS-w/o-availability - LASFS-full,selected_leakage_count,0.0,0.0,5
german_credit,LASFS-w/o-availability - LASFS-full,injected_leakage_recall,0.0,0.0,5
german_credit,LASFS-w/o-uncertainty - LASFS-full,clean_auroc,0.0,0.0,5
german_credit,LASFS-w/o-uncertainty - LASFS-full,clean_f1,0.0,0.0,5
german_credit,LASFS-w/o-uncertainty - LASFS-full,deployment_drop,0.0,0.0,5
german_credit,LASFS-w/o-uncertainty - LASFS-full,selected_leakage_count,0.0,0.0,5
german_credit,LASFS-w/o-uncertainty - LASFS-full,injected_leakage_recall,0.0,0.0,5
heart,LASFS-w/o-leakage - LASFS-full,clean_auroc,-0.0014243197278911435,0.0021228070147394163,5
heart,LASFS-w/o-leakage - LASFS-full,clean_f1,0.003565502262010112,0.01377984970770445,5
heart,LASFS-w/o-leakage - LASFS-full,deployment_drop,0.0,0.0,5
heart,LASFS-w/o-leakage - LASFS-full,selected_leakage_count,0.0,0.0,5
heart,LASFS-w/o-leakage - LASFS-full,injected_leakage_recall,0.0,0.0,5
heart,LASFS-w/o-availability - LASFS-full,clean_auroc,0.0008928571428571175,0.002591469791847666,5
heart,LASFS-w/o-availability - LASFS-full,clean_f1,0.0037448024349074904,0.009753471767514319,5
heart,LASFS-w/o-availability - LASFS-full,deployment_drop,0.0,0.0,5
heart,LASFS-w/o-availability - LASFS-full,selected_leakage_count,0.0,0.0,5
heart,LASFS-w/o-availability - LASFS-full,injected_leakage_recall,0.0,0.0,5
heart,LASFS-w/o-uncertainty - LASFS-full,clean_auroc,6.377551020406714e-05,0.0016754703939035396,5
heart,LASFS-w/o-uncertainty - LASFS-full,clean_f1,0.006179301717659969,0.01200949532148261,5
heart,LASFS-w/o-uncertainty - LASFS-full,deployment_drop,0.0,0.0,5
heart,LASFS-w/o-uncertainty - LASFS-full,selected_leakage_count,0.0,0.0,5
heart,LASFS-w/o-uncertainty - LASFS-full,injected_leakage_recall,0.0,0.0,5
telco_churn,LASFS-w/o-leakage - LASFS-full,clean_auroc,-0.025696866361828018,0.010840184784104399,5
telco_churn,LASFS-w/o-leakage - LASFS-full,clean_f1,-0.05879943146928089,0.040686616873991346,5
telco_churn,LASFS-w/o-leakage - LASFS-full,deployment_drop,0.22470562401508687,0.006540682017331436,5
telco_churn,LASFS-w/o-leakage - LASFS-full,selected_leakage_count,2.0,0.0,5
telco_churn,LASFS-w/o-leakage - LASFS-full,injected_leakage_recall,0.2,0.0,5
telco_churn,LASFS-w/o-availability - LASFS-full,clean_auroc,0.0,0.0,5
telco_churn,LASFS-w/o-availability - LASFS-full,clean_f1,0.0,0.0,5
telco_churn,LASFS-w/o-availability - LASFS-full,deployment_drop,0.0,0.0,5
telco_churn,LASFS-w/o-availability - LASFS-full,selected_leakage_count,0.0,0.0,5
telco_churn,LASFS-w/o-availability - LASFS-full,injected_leakage_recall,0.0,0.0,5
telco_churn,LASFS-w/o-uncertainty - LASFS-full,clean_auroc,0.0,0.0,5
telco_churn,LASFS-w/o-uncertainty - LASFS-full,clean_f1,0.0,0.0,5
telco_churn,LASFS-w/o-uncertainty - LASFS-full,deployment_drop,0.0,0.0,5
telco_churn,LASFS-w/o-uncertainty - LASFS-full,selected_leakage_count,0.0,0.0,5
telco_churn,LASFS-w/o-uncertainty - LASFS-full,injected_leakage_recall,0.0,0.0,5
